CREATE TABLE events (
    event_id VARCHAR(50) PRIMARY KEY,
    event_name VARCHAR(255) NOT NULL,
    event_description TEXT,
    event_type VARCHAR(100),
    category VARCHAR(100),
    venue_id VARCHAR(50) NOT NULL,
    venue_name VARCHAR(255),
    venue_city VARCHAR(100),
    venue_state VARCHAR(100),
    venue_country VARCHAR(100),
    venue_capacity INTEGER,
    event_date DATE NOT NULL,
    event_time TIME,
    event_datetime TIMESTAMP NOT NULL,
    duration_minutes INTEGER,
    base_price DECIMAL(10,2),
    currency VARCHAR(3) DEFAULT 'USD',
    status VARCHAR(50),
    is_cancelled BOOLEAN DEFAULT FALSE,
    created_at TIMESTAMP DEFAULT CURRENT_TIMESTAMP,
    updated_at TIMESTAMP DEFAULT CURRENT_TIMESTAMP,
    organizer_id VARCHAR(50),
    organizer_name VARCHAR(255),
    max_tickets_per_person INTEGER,
    age_restriction VARCHAR(50)
);
INSERT INTO events (event_id, event_name, event_description, event_type, category, venue_id, venue_name, venue_city, venue_state, venue_country, venue_capacity, event_date, event_time, event_datetime, duration_minutes, base_price, currency, status, is_cancelled, organizer_id, organizer_name, max_tickets_per_person, age_restriction) VALUES
('EVT001', 'Summer Music Festival 2024', 'Annual outdoor music festival featuring top artists', 'Concert', 'Music', 'VEN001', 'Central Park Amphitheater', 'New York', 'NY', 'USA', 5000, '2024-07-15', '18:00:00', '2024-07-15 18:00:00', 240, 89.99, 'USD', 'active', FALSE, 'ORG001', 'Music Events Inc', 4, '18+'),
('EVT002', 'Basketball Championship Finals', 'NBA Championship Finals Game 7', 'Sports', 'Basketball', 'VEN002', 'Madison Square Garden', 'New York', 'NY', 'USA', 20789, '2024-06-20', '20:00:00', '2024-06-20 20:00:00', 150, 299.99, 'USD', 'active', FALSE, 'ORG002', 'NBA Events', 2, 'All Ages'),
('EVT003', 'Broadway Musical: Hamilton', 'Tony Award-winning musical performance', 'Theater', 'Musical', 'VEN003', 'Richard Rodgers Theatre', 'New York', 'NY', 'USA', 1319, '2024-08-10', '19:30:00', '2024-08-10 19:30:00', 165, 149.99, 'USD', 'active', FALSE, 'ORG003', 'Broadway Productions', 6, 'All Ages'),
('EVT004', 'Tech Conference 2024', 'Annual technology and innovation conference', 'Conference', 'Technology', 'VEN004', 'Convention Center', 'San Francisco', 'CA', 'USA', 2000, '2024-09-15', '09:00:00', '2024-09-15 09:00:00', 480, 199.99, 'USD', 'active', FALSE, 'ORG004', 'Tech Events LLC', 1, '18+'),
('EVT005', 'Comedy Night Special', 'Stand-up comedy show with famous comedians', 'Comedy', 'Entertainment', 'VEN005', 'Comedy Club Downtown', 'Los Angeles', 'CA', 'USA', 300, '2024-07-25', '20:30:00', '2024-07-25 20:30:00', 120, 45.99, 'USD', 'active', FALSE, 'ORG005', 'Comedy Central Events', 4, '21+');
INSERT INTO events (event_id, event_name, event_description, event_type, category, venue_id, venue_name, venue_city, venue_state, venue_country, venue_capacity, event_date, event_time, event_datetime, duration_minutes, base_price, currency, status, is_cancelled, organizer_id, organizer_name, max_tickets_per_person, age_restriction) VALUES
('EVT006', 'Jazz Night at Blue Note', 'Intimate jazz performance with world-class musicians', 'Concert', 'Jazz', 'VEN006', 'Blue Note Jazz Club', 'New York', 'NY', 'USA', 200, '2024-08-05', '21:00:00', '2024-08-05 21:00:00', 90, 65.00, 'USD', 'active', FALSE, 'ORG006', 'Jazz Events Co', 2, '21+'),
('EVT007', 'Food & Wine Festival', 'Annual culinary festival with top chefs and wineries', 'Festival', 'Food & Drink', 'VEN007', 'Pier 94', 'New York', 'NY', 'USA', 3000, '2024-09-20', '12:00:00', '2024-09-20 12:00:00', 360, 125.00, 'USD', 'active', FALSE, 'ORG007', 'Culinary Events', 4, '21+'),
('EVT008', 'Art Exhibition Opening', 'Contemporary art exhibition with live performances', 'Exhibition', 'Art', 'VEN008', 'Modern Art Museum', 'Los Angeles', 'CA', 'USA', 500, '2024-07-30', '18:00:00', '2024-07-30 18:00:00', 180, 35.00, 'USD', 'active', FALSE, 'ORG008', 'Art Foundation', 6, 'All Ages');

CREATE TABLE customers (
    customer_id VARCHAR(50) PRIMARY KEY,
    first_name VARCHAR(100),
    last_name VARCHAR(100),
    full_name VARCHAR(255),
    email VARCHAR(255) UNIQUE NOT NULL,
    phone VARCHAR(20),
    date_of_birth DATE,
    age INTEGER,
    gender VARCHAR(20),
    address_line_1 VARCHAR(255),
    address_line_2 VARCHAR(255),
    city VARCHAR(100),
    state VARCHAR(100),
    country VARCHAR(100),
    postal_code VARCHAR(20),
    preferred_language VARCHAR(10),
    notification_preferences JSON,
    marketing_opt_in BOOLEAN DEFAULT FALSE,
    customer_status VARCHAR(50),
    customer_tier VARCHAR(50),
    registration_date DATE NOT NULL,
    registration_datetime TIMESTAMP NOT NULL,
    last_login_date DATE,
    last_login_datetime TIMESTAMP,
    last_purchase_date DATE,
    last_purchase_datetime TIMESTAMP,
    total_orders INTEGER DEFAULT 0,
    total_spent DECIMAL(12,2) DEFAULT 0.00,
    loyalty_points INTEGER DEFAULT 0,
    referral_code VARCHAR(50),
    referred_by VARCHAR(50),
    account_status VARCHAR(50),
    email_verified BOOLEAN DEFAULT FALSE,
    phone_verified BOOLEAN DEFAULT FALSE,
    created_at TIMESTAMP DEFAULT CURRENT_TIMESTAMP,
    updated_at TIMESTAMP DEFAULT CURRENT_TIMESTAMP
);
INSERT INTO customers (customer_id, first_name, last_name, full_name, email, phone, date_of_birth, age, gender, address_line_1, city, state, country, postal_code, preferred_language, marketing_opt_in, customer_status, customer_tier, registration_date, registration_datetime, last_login_date, last_login_datetime, last_purchase_date, last_purchase_datetime, total_orders, total_spent, loyalty_points, email_verified, phone_verified) VALUES
('CUST001', 'John', 'Smith', 'John Smith', 'john.smith@email.com', '+1-555-0101', '1985-03-15', 39, 'Male', '123 Main St', 'New York', 'NY', 'USA', '10001', 'en', TRUE, 'active', 'Gold', '2023-01-15', '2023-01-15 10:30:00', '2024-01-10', '2024-01-10 14:22:00', '2024-01-08', '2024-01-08 16:45:00', 12, 1250.50, 1250, TRUE, TRUE),
('CUST002', 'Sarah', 'Johnson', 'Sarah Johnson', 'sarah.johnson@email.com', '+1-555-0102', '1990-07-22', 33, 'Female', '456 Oak Ave', 'Los Angeles', 'CA', 'USA', '90210', 'en', TRUE, 'active', 'Silver', '2023-03-20', '2023-03-20 09:15:00', '2024-01-12', '2024-01-12 11:30:00', '2024-01-05', '2024-01-05 19:20:00', 8, 890.75, 890, TRUE, TRUE),
('CUST003', 'Michael', 'Brown', 'Michael Brown', 'michael.brown@email.com', '+1-555-0103', '1988-11-08', 35, 'Male', '789 Pine St', 'Chicago', 'IL', 'USA', '60601', 'en', FALSE, 'active', 'Bronze', '2023-05-10', '2023-05-10 16:45:00', '2024-01-09', '2024-01-09 13:15:00', '2024-01-03', '2024-01-03 20:10:00', 5, 450.25, 450, TRUE, FALSE),
('CUST004', 'Emily', 'Davis', 'Emily Davis', 'emily.davis@email.com', '+1-555-0104', '1992-04-12', 31, 'Female', '321 Elm St', 'San Francisco', 'CA', 'USA', '94102', 'en', TRUE, 'active', 'Gold', '2023-02-28', '2023-02-28 14:20:00', '2024-01-11', '2024-01-11 10:45:00', '2024-01-07', '2024-01-07 15:30:00', 15, 2100.00, 2100, TRUE, TRUE),
('CUST005', 'David', 'Wilson', 'David Wilson', 'david.wilson@email.com', '+1-555-0105', '1987-09-30', 36, 'Male', '654 Maple Dr', 'Boston', 'MA', 'USA', '02101', 'en', FALSE, 'active', 'Silver', '2023-04-15', '2023-04-15 11:00:00', '2024-01-08', '2024-01-08 16:20:00', '2024-01-02', '2024-01-02 18:45:00', 7, 675.50, 675, TRUE, TRUE),
('CUST006', 'Lisa', 'Anderson', 'Lisa Anderson', 'lisa.anderson@email.com', '+1-555-0106', '1995-12-05', 28, 'Female', '987 Cedar Ln', 'Seattle', 'WA', 'USA', '98101', 'en', TRUE, 'active', 'Bronze', '2023-06-20', '2023-06-20 13:30:00', '2024-01-13', '2024-01-13 09:15:00', '2024-01-06', '2024-01-06 14:20:00', 3, 320.75, 320, TRUE, FALSE),
('CUST007', 'Robert', 'Taylor', 'Robert Taylor', 'robert.taylor@email.com', '+1-555-0107', '1983-01-18', 41, 'Male', '147 Birch St', 'Miami', 'FL', 'USA', '33101', 'en', TRUE, 'active', 'Gold', '2023-01-05', '2023-01-05 08:45:00', '2024-01-12', '2024-01-12 12:30:00', '2024-01-09', '2024-01-09 17:15:00', 18, 2750.25, 2750, TRUE, TRUE),
('CUST008', 'Jennifer', 'Martinez', 'Jennifer Martinez', 'jennifer.martinez@email.com', '+1-555-0108', '1991-06-25', 32, 'Female', '258 Spruce Ave', 'Denver', 'CO', 'USA', '80201', 'en', FALSE, 'active', 'Silver', '2023-03-12', '2023-03-12 15:20:00', '2024-01-10', '2024-01-10 11:45:00', '2024-01-04', '2024-01-04 16:30:00', 9, 980.00, 980, TRUE, TRUE);
INSERT INTO customers (customer_id, first_name, last_name, full_name, email, phone, date_of_birth, age, gender, address_line_1, city, state, country, postal_code, preferred_language, marketing_opt_in, customer_status, customer_tier, registration_date, registration_datetime, last_login_date, last_login_datetime, last_purchase_date, last_purchase_datetime, total_orders, total_spent, loyalty_points, email_verified, phone_verified) VALUES
('CUST009', 'Amanda', 'Garcia', 'Amanda Garcia', 'amanda.garcia@email.com', '+1-555-0109', '1989-08-14', 34, 'Female', '369 Willow St', 'Austin', 'TX', 'USA', '78701', 'en', TRUE, 'active', 'Bronze', '2023-07-10', '2023-07-10 12:15:00', '2024-01-11', '2024-01-11 15:30:00', '2024-01-01', '2024-01-01 12:00:00', 2, 180.50, 180, TRUE, FALSE),
('CUST010', 'Christopher', 'Lee', 'Christopher Lee', 'christopher.lee@email.com', '+1-555-0110', '1986-02-28', 37, 'Male', '741 Ash Blvd', 'Portland', 'OR', 'USA', '97201', 'en', FALSE, 'active', 'Silver', '2023-04-25', '2023-04-25 14:45:00', '2024-01-13', '2024-01-13 10:20:00', '2024-01-11', '2024-01-11 18:15:00', 6, 720.25, 720, TRUE, TRUE);


CREATE TABLE orders (
    order_id VARCHAR(50) PRIMARY KEY,
    customer_id VARCHAR(50) NOT NULL,
    event_id VARCHAR(50) NOT NULL,
    order_number VARCHAR(100),
    order_status VARCHAR(50),
    payment_status VARCHAR(50),
    fulfillment_status VARCHAR(50),
    subtotal DECIMAL(10,2),
    tax_amount DECIMAL(10,2),
    discount_amount DECIMAL(10,2),
    shipping_fee DECIMAL(10,2),
    total_amount DECIMAL(10,2),
    currency VARCHAR(3) DEFAULT 'USD',
    order_date DATE NOT NULL,
    order_datetime TIMESTAMP NOT NULL,
    payment_date DATE,
    payment_datetime TIMESTAMP,
    fulfillment_date DATE,
    fulfillment_datetime TIMESTAMP,
    cancellation_date DATE,
    cancellation_datetime TIMESTAMP,
    payment_method VARCHAR(50),
    payment_gateway VARCHAR(50),
    transaction_id VARCHAR(100),
    customer_name VARCHAR(255),
    customer_email VARCHAR(255),
    billing_address JSON,
    shipping_address JSON,
    order_source VARCHAR(50),
    promo_code VARCHAR(50),
    notes TEXT,
    created_at TIMESTAMP DEFAULT CURRENT_TIMESTAMP,
    updated_at TIMESTAMP DEFAULT CURRENT_TIMESTAMP,
    refund_amount DECIMAL(10,2),
    refund_date DATE,
    refund_reason TEXT,
    order_priority VARCHAR(20)
);
INSERT INTO orders (order_id, customer_id, event_id, order_number, order_status, payment_status, fulfillment_status, subtotal, tax_amount, discount_amount, shipping_fee, total_amount, currency, order_date, order_datetime, payment_date, payment_datetime, fulfillment_date, fulfillment_datetime, payment_method, payment_gateway, transaction_id, customer_name, customer_email, order_source, promo_code) VALUES
('ORD001', 'CUST001', 'EVT001', 'ORD-2024-001', 'completed', 'paid', 'fulfilled', 89.99, 7.20, 0.00, 0.00, 97.19, 'USD', '2024-01-08', '2024-01-08 16:45:00', '2024-01-08', '2024-01-08 16:46:00', '2024-01-08', '2024-01-08 16:47:00', 'credit_card', 'stripe', 'txn_001', 'John Smith', 'john.smith@email.com', 'website', NULL),
('ORD002', 'CUST002', 'EVT002', 'ORD-2024-002', 'completed', 'paid', 'fulfilled', 299.99, 24.00, 30.00, 0.00, 293.99, 'USD', '2024-01-05', '2024-01-05 19:20:00', '2024-01-05', '2024-01-05 19:21:00', '2024-01-05', '2024-01-05 19:22:00', 'credit_card', 'stripe', 'txn_002', 'Sarah Johnson', 'sarah.johnson@email.com', 'mobile_app', 'EARLY10'),
('ORD003', 'CUST003', 'EVT003', 'ORD-2024-003', 'completed', 'paid', 'fulfilled', 149.99, 12.00, 0.00, 0.00, 161.99, 'USD', '2024-01-03', '2024-01-03 20:10:00', '2024-01-03', '2024-01-03 20:11:00', '2024-01-03', '2024-01-03 20:12:00', 'paypal', 'paypal', 'txn_003', 'Michael Brown', 'michael.brown@email.com', 'website', NULL),
('ORD004', 'CUST004', 'EVT004', 'ORD-2024-004', 'completed', 'paid', 'fulfilled', 199.99, 16.00, 20.00, 0.00, 195.99, 'USD', '2024-01-07', '2024-01-07 15:30:00', '2024-01-07', '2024-01-07 15:31:00', '2024-01-07', '2024-01-07 15:32:00', 'credit_card', 'stripe', 'txn_004', 'Emily Davis', 'emily.davis@email.com', 'website', 'TECH20'),
('ORD005', 'CUST005', 'EVT005', 'ORD-2024-005', 'completed', 'paid', 'fulfilled', 45.99, 3.68, 0.00, 0.00, 49.67, 'USD', '2024-01-02', '2024-01-02 18:45:00', '2024-01-02', '2024-01-02 18:46:00', '2024-01-02', '2024-01-02 18:47:00', 'credit_card', 'stripe', 'txn_005', 'David Wilson', 'david.wilson@email.com', 'mobile_app', NULL),
('ORD006', 'CUST006', 'EVT001', 'ORD-2024-006', 'completed', 'paid', 'fulfilled', 89.99, 7.20, 9.00, 0.00, 88.19, 'USD', '2024-01-06', '2024-01-06 14:20:00', '2024-01-06', '2024-01-06 14:21:00', '2024-01-06', '2024-01-06 14:22:00', 'credit_card', 'stripe', 'txn_006', 'Lisa Anderson', 'lisa.anderson@email.com', 'website', 'FIRST10'),
('ORD007', 'CUST007', 'EVT002', 'ORD-2024-007', 'completed', 'paid', 'fulfilled', 599.98, 48.00, 0.00, 0.00, 647.98, 'USD', '2024-01-09', '2024-01-09 17:15:00', '2024-01-09', '2024-01-09 17:16:00', '2024-01-09', '2024-01-09 17:17:00', 'credit_card', 'stripe', 'txn_007', 'Robert Taylor', 'robert.taylor@email.com', 'website', NULL),
('ORD008', 'CUST008', 'EVT003', 'ORD-2024-008', 'completed', 'paid', 'fulfilled', 299.98, 24.00, 15.00, 0.00, 308.98, 'USD', '2024-01-04', '2024-01-04 16:30:00', '2024-01-04', '2024-01-04 16:31:00', '2024-01-04', '2024-01-04 16:32:00', 'credit_card', 'stripe', 'txn_008', 'Jennifer Martinez', 'jennifer.martinez@email.com', 'mobile_app', 'BROADWAY15');

CREATE TABLE tickets (
    ticket_id VARCHAR(50) PRIMARY KEY,
    event_id VARCHAR(50) NOT NULL,
    customer_id VARCHAR(50) NOT NULL,
    order_id VARCHAR(50) NOT NULL,
    ticket_type VARCHAR(50),
    seat_number VARCHAR(20),
    row_number VARCHAR(20),
    section VARCHAR(50),
    price_paid DECIMAL(10,2),
    currency VARCHAR(3) DEFAULT 'USD',
    status VARCHAR(50),
    booking_status VARCHAR(50),
    purchase_date DATE,
    purchase_datetime TIMESTAMP,
    booking_date DATE,
    booking_datetime TIMESTAMP,
    customer_name VARCHAR(255),
    customer_email VARCHAR(255),
    customer_phone VARCHAR(20),
    discount_applied BOOLEAN DEFAULT FALSE,
    discount_amount DECIMAL(10,2),
    final_price DECIMAL(10,2),
    payment_method VARCHAR(50),
    payment_status VARCHAR(50),
    refund_status VARCHAR(50),
    refund_date DATE,
    refund_amount DECIMAL(10,2),
    created_at TIMESTAMP DEFAULT CURRENT_TIMESTAMP,
    updated_at TIMESTAMP DEFAULT CURRENT_TIMESTAMP,
    booking_source VARCHAR(50),
    promo_code_used VARCHAR(50)
);
INSERT INTO tickets (ticket_id, event_id, customer_id, order_id, ticket_type, seat_number, row_number, section, price_paid, currency, status, booking_status, purchase_date, purchase_datetime, booking_date, booking_datetime, customer_name, customer_email, customer_phone, discount_applied, discount_amount, final_price, payment_method, payment_status, refund_status, booking_source, promo_code_used) VALUES
('TKT001', 'EVT001', 'CUST001', 'ORD001', 'General Admission', 'GA-001', 'N/A', 'General', 89.99, 'USD', 'active', 'confirmed', '2024-01-08', '2024-01-08 16:45:00', '2024-01-08', '2024-01-08 16:44:00', 'John Smith', 'john.smith@email.com', '+1-555-0101', FALSE, 0.00, 89.99, 'credit_card', 'paid', 'none', 'website', NULL),
('TKT002', 'EVT002', 'CUST002', 'ORD002', 'Premium', 'P-205', 'P', 'Premium', 299.99, 'USD', 'active', 'confirmed', '2024-01-05', '2024-01-05 19:20:00', '2024-01-05', '2024-01-05 19:19:00', 'Sarah Johnson', 'sarah.johnson@email.com', '+1-555-0102', TRUE, 30.00, 269.99, 'credit_card', 'paid', 'none', 'mobile_app', 'EARLY10'),
('TKT003', 'EVT003', 'CUST003', 'ORD003', 'Orchestra', 'O-15', 'O', 'Orchestra', 149.99, 'USD', 'active', 'confirmed', '2024-01-03', '2024-01-03 20:10:00', '2024-01-03', '2024-01-03 20:09:00', 'Michael Brown', 'michael.brown@email.com', '+1-555-0103', FALSE, 0.00, 149.99, 'paypal', 'paid', 'none', 'website', NULL),
('TKT004', 'EVT004', 'CUST004', 'ORD004', 'VIP', 'VIP-08', 'VIP', 'VIP', 199.99, 'USD', 'active', 'confirmed', '2024-01-07', '2024-01-07 15:30:00', '2024-01-07', '2024-01-07 15:29:00', 'Emily Davis', 'emily.davis@email.com', '+1-555-0104', TRUE, 20.00, 179.99, 'credit_card', 'paid', 'none', 'website', 'TECH20'),
('TKT005', 'EVT005', 'CUST005', 'ORD005', 'Standard', 'ST-42', 'ST', 'Standard', 45.99, 'USD', 'active', 'confirmed', '2024-01-02', '2024-01-02 18:45:00', '2024-01-02', '2024-01-02 18:44:00', 'David Wilson', 'david.wilson@email.com', '+1-555-0105', FALSE, 0.00, 45.99, 'credit_card', 'paid', 'none', 'mobile_app', NULL),
('TKT006', 'EVT001', 'CUST006', 'ORD006', 'General Admission', 'GA-002', 'N/A', 'General', 89.99, 'USD', 'active', 'confirmed', '2024-01-06', '2024-01-06 14:20:00', '2024-01-06', '2024-01-06 14:19:00', 'Lisa Anderson', 'lisa.anderson@email.com', '+1-555-0106', TRUE, 9.00, 80.99, 'credit_card', 'paid', 'none', 'website', 'FIRST10'),
('TKT007', 'EVT002', 'CUST007', 'ORD007', 'Premium', 'P-301', 'P', 'Premium', 299.99, 'USD', 'active', 'confirmed', '2024-01-09', '2024-01-09 17:15:00', '2024-01-09', '2024-01-09 17:14:00', 'Robert Taylor', 'robert.taylor@email.com', '+1-555-0107', FALSE, 0.00, 299.99, 'credit_card', 'paid', 'none', 'website', NULL),
('TKT008', 'EVT002', 'CUST007', 'ORD007', 'Premium', 'P-302', 'P', 'Premium', 299.99, 'USD', 'active', 'confirmed', '2024-01-09', '2024-01-09 17:15:00', '2024-01-09', '2024-01-09 17:14:00', 'Robert Taylor', 'robert.taylor@email.com', '+1-555-0107', FALSE, 0.00, 299.99, 'credit_card', 'paid', 'none', 'website', NULL),
('TKT009', 'EVT003', 'CUST008', 'ORD008', 'Orchestra', 'O-22', 'O', 'Orchestra', 149.99, 'USD', 'active', 'confirmed', '2024-01-04', '2024-01-04 16:30:00', '2024-01-04', '2024-01-04 16:29:00', 'Jennifer Martinez', 'jennifer.martinez@email.com', '+1-555-0108', TRUE, 15.00, 134.99, 'credit_card', 'paid', 'none', 'mobile_app', 'BROADWAY15'),
('TKT010', 'EVT003', 'CUST008', 'ORD008', 'Orchestra', 'O-23', 'O', 'Orchestra', 149.99, 'USD', 'active', 'confirmed', '2024-01-04', '2024-01-04 16:30:00', '2024-01-04', '2024-01-04 16:29:00', 'Jennifer Martinez', 'jennifer.martinez@email.com', '+1-555-0108', TRUE, 15.00, 134.99, 'credit_card', 'paid', 'none', 'mobile_app', 'BROADWAY15');